net_size,experiment,abstol,reltol,vntol,trtol,chgtol,max_err,l1_err,l2_err,Total elapsed time (seconds),elapsed time since last call (seconds),Total DRAM available,DRAM currently available,Maximum ngspice program size,Current ngspice program size,Number of lines in the deck,Netlist loading time,Subckt and Param expansion time,Netlist parsing time,Nominal temperature,Operating temperature,Total iterations,Transient iterations,Circuit Equations,Circuit original non-zeroes,Circuit fill-in non-zeroes,Circuit total non-zeroes,Transient timepoints,Accepted timepoints,Rejected timepoints,Total analysis time (seconds),Matrix load time,Matrix synchronize time,Matrix reorder time,Matrix factor time,Matrix solve time,Transient analysis time,Transient load time,Transient sync time,Transient factor time,Transient solve time,Transient trunc time,Transient iterations for the last time point,AC analysis time,AC load time,AC sync time,AC factor time,AC solve time,success
4,baseline,1e-12,0.001,1e-06,1,1e-14,0.0,0.0,0.0,0.299,0.269,16384.000 MB.,  49.312 MB.,0 bytes.,  97.406 MB.,577,0.001,0.001,0.001,27,27,5867,5861,208,1004,810,1814,2799,2799,0,0.259,0.114,0,0.001,0.065,0.016,0.257,0.114,0,0.065,0.016,0.013,0,0,0,0,0,0,True
4,abstol,1e-09,0.001,1e-06,1,1e-14,1.7285771060526756e-05,0.00026390870469842904,5.377101952982117e-05,0.57,0.267,16384.000 MB.,  49.312 MB.,0 bytes., 106.938 MB.,577,0.001,0.001,0.001,27,27,5851,5845,208,1004,810,1814,2799,2799,0,0.259,0.129,0,0.0,0.047,0.013,0.257,0.129,0,0.046,0.013,0.016,0,0,0,0,0,0,True
4,abstol,1e-06,0.001,1e-06,1,1e-14,0.0008192861346909552,0.013243798586623539,0.0024825329101047663,0.832,0.257,16384.000 MB.,  49.312 MB.,0 bytes., 116.922 MB.,577,0.001,0.001,0.001,27,27,5834,5828,208,1004,810,1814,2799,2799,0,0.251,0.118,0,0.0,0.068,0.007,0.249,0.117,0,0.068,0.007,0.012,0,0,0,0,0,0,True
4,abstol,0.001,0.001,1e-06,1,1e-14,0.0008192861346909552,0.013243798586623539,0.0024825329101047663,1.093,0.256,16384.000 MB.,  67.328 MB.,0 bytes., 118.625 MB.,577,0.0,0.002,0.001,27,27,5834,5828,208,1004,810,1814,2799,2799,0,0.249,0.125,0,0.0,0.054,0.012,0.247,0.125,0,0.054,0.012,0.01,0,0,0,0,0,0,True
4,abstol,0.01,0.001,1e-06,1,1e-14,0.0008192861346909552,0.013243798586623539,0.0024825329101047663,1.353,0.256,16384.000 MB.,  71.391 MB.,0 bytes., 119.953 MB.,577,0.001,0.001,0.001,27,27,5834,5828,208,1004,810,1814,2799,2799,0,0.249,0.116,0,0.0,0.059,0.014,0.247,0.116,0,0.059,0.014,0.012,0,0,0,0,0,0,True
4,reltol,1e-12,0.01,1e-06,1,1e-14,0.004172200961774175,0.1594900226486567,0.0205663793873197,1.614,0.257,16384.000 MB.,  60.422 MB.,0 bytes., 130.250 MB.,577,0.0,0.002,0.001,27,27,5847,5841,208,1004,810,1814,2799,2799,0,0.25,0.113,0,0.0,0.056,0.011,0.248,0.113,0,0.056,0.011,0.023,0,0,0,0,0,0,True
4,reltol,1e-12,0.01,1e-06,1,1e-14,0.004172200961774175,0.1594900226486567,0.0205663793873197,1.876,0.257,16384.000 MB.,  60.500 MB.,0 bytes., 130.969 MB.,577,0.0,0.001,0.001,27,27,5847,5841,208,1004,810,1814,2799,2799,0,0.25,0.132,0,0.0,0.042,0.021,0.248,0.131,0,0.042,0.021,0.014,0,0,0,0,0,0,True
4,reltol,1e-12,0.1,1e-06,1,1e-14,0.0027568443220446492,0.10404716683606065,0.013224885198416957,2.159,0.264,16384.000 MB.,  98.984 MB.,0 bytes., 137.500 MB.,577,0.001,0.001,0.001,27,27,5831,5826,208,1004,810,1814,2799,2799,0,0.257,0.118,0,0.0,0.07,0.01,0.255,0.118,0,0.07,0.01,0.011,0,0,0,0,0,0,True
4,vntol,1e-12,0.001,0.001,1,1e-14,0.0020332691375664624,0.07769838221461055,0.00996642129114213,2.417,0.254,16384.000 MB., 104.266 MB.,0 bytes., 142.125 MB.,577,0.0,0.002,0.001,27,27,5827,5822,208,1004,810,1814,2799,2799,0,0.247,0.112,0,0.0,0.056,0.016,0.245,0.112,0,0.056,0.016,0.006,0,0,0,0,0,0,True
4,vntol,1e-12,0.001,0.01,1,1e-14,0.0020332691375664624,0.07769838221461055,0.00996642129114213,2.678,0.256,16384.000 MB., 104.719 MB.,0 bytes., 142.703 MB.,577,0.0,0.002,0.001,27,27,5827,5822,208,1004,810,1814,2799,2799,0,0.249,0.118,0,0.0,0.051,0.013,0.247,0.118,0,0.051,0.013,0.015,0,0,0,0,0,0,True
4,trtol,1e-12,0.001,1e-06,7,1e-14,0.0,0.0,0.0,2.938,0.255,16384.000 MB., 102.312 MB.,0 bytes., 143.141 MB.,577,0.001,0.001,0.001,27,27,5867,5861,208,1004,810,1814,2799,2799,0,0.25,0.108,0,0.0,0.062,0.019,0.248,0.108,0,0.061,0.019,0.009,0,0,0,0,0,0,True
4,trtol,1e-12,0.001,1e-06,10,1e-14,0.0,0.0,0.0,3.199,0.256,16384.000 MB., 101.391 MB.,0 bytes., 143.609 MB.,577,0.001,0.001,0.001,27,27,5867,5861,208,1004,810,1814,2799,2799,0,0.25,0.125,0,0.0,0.049,0.015,0.248,0.125,0,0.048,0.015,0.009,0,0,0,0,0,0,True
4,trtol,1e-12,0.001,1e-06,50,1e-14,0.0,0.0,0.0,3.461,0.258,16384.000 MB.,  72.750 MB.,0 bytes., 144.375 MB.,577,0.001,0.001,0.001,27,27,5867,5861,208,1004,810,1814,2799,2799,0,0.251,0.109,0,0.0,0.066,0.011,0.249,0.109,0,0.066,0.011,0.017,0,0,0,0,0,0,True
4,trtol,1e-12,0.001,1e-06,100,1e-14,0.0,0.0,0.0,3.721,0.256,16384.000 MB.,  72.750 MB.,0 bytes., 144.766 MB.,577,0.0,0.002,0.001,27,27,5867,5861,208,1004,810,1814,2799,2799,0,0.249,0.118,0,0.0,0.061,0.012,0.247,0.117,0,0.061,0.012,0.005,0,0,0,0,0,0,True
4,chgtol,1e-12,0.001,1e-06,1,1e-12,0.0,0.0,0.0,3.99,0.265,16384.000 MB.,  72.750 MB.,0 bytes., 147.422 MB.,577,0.0,0.002,0.001,27,27,5867,5861,208,1004,810,1814,2799,2799,0,0.258,0.11,0,0.0,0.056,0.009,0.256,0.11,0,0.056,0.009,0.014,0,0,0,0,0,0,True
4,chgtol,1e-12,0.001,1e-06,1,1e-09,0.0,0.0,0.0,4.256,0.262,16384.000 MB., 104.031 MB.,0 bytes., 149.688 MB.,577,0.001,0.001,0.001,27,27,5867,5861,208,1004,810,1814,2799,2799,0,0.255,0.131,0,0.0,0.062,0.01,0.253,0.131,0,0.062,0.01,0.008,0,0,0,0,0,0,True
4,chgtol,1e-12,0.001,1e-06,1,1e-06,0.0,0.0,0.0,4.525,0.264,16384.000 MB., 104.094 MB.,0 bytes., 153.969 MB.,577,0.0,0.002,0.001,27,27,5867,5861,208,1004,810,1814,2799,2799,0,0.257,0.127,0,0.0,0.06,0.013,0.255,0.127,0,0.06,0.013,0.013,0,0,0,0,0,0,True
4,chgtol,1e-12,0.001,1e-06,1,0.001,0.0,0.0,0.0,4.79,0.261,16384.000 MB., 104.094 MB.,0 bytes., 154.625 MB.,577,0.001,0.001,0.001,27,27,5867,5861,208,1004,810,1814,2799,2799,0,0.254,0.121,0,0.0,0.054,0.016,0.252,0.121,0,0.054,0.016,0.011,0,0,0,0,0,0,True
4,all,1e-09,0.01,0.001,7,1e-12,0.0020159833653631276,0.07770137124386074,0.009960887620967208,5.05,0.256,16384.000 MB., 104.094 MB.,0 bytes., 156.812 MB.,577,0.0,0.002,0.001,27,27,5811,5806,208,1004,810,1814,2799,2799,0,0.249,0.113,0,0.0,0.057,0.015,0.247,0.113,0,0.057,0.015,0.007,0,0,0,0,0,0,True
4,all,1e-06,0.01,0.01,10,1e-09,0.0021460621525577483,0.07597259985057718,0.009783712515456412,5.315,0.26,16384.000 MB.,  67.172 MB.,0 bytes., 158.156 MB.,577,0.001,0.001,0.001,27,27,5793,5788,208,1004,810,1814,2799,2799,0,0.252,0.116,0,0.0,0.057,0.016,0.25,0.116,0,0.057,0.016,0.01,0,0,0,0,0,0,True
4,all,0.001,0.1,0.01,50,1e-06,0.004220948730961238,0.15809377521814047,0.02014756472294172,5.578,0.259,16384.000 MB.,  80.969 MB.,0 bytes., 167.266 MB.,577,0.0,0.002,0.001,27,27,5758,5753,208,1004,810,1814,2799,2799,0,0.251,0.114,0,0.0,0.061,0.013,0.249,0.114,0,0.061,0.013,0.013,0,0,0,0,0,0,True
4,all,0.01,0.1,0.01,100,0.001,0.004856344409146618,0.18214099727888294,0.02310301905646733,5.836,0.254,16384.000 MB.,  78.359 MB.,0 bytes., 168.078 MB.,577,0.0,0.002,0.001,27,27,5747,5742,208,1004,810,1814,2799,2799,0,0.247,0.128,0,0.0,0.055,0.015,0.245,0.127,0,0.055,0.015,0.009,0,0,0,0,0,0,True
5,baseline,1e-12,0.001,1e-06,1,1e-14,0.0,0.0,0.0,6.273,0.431,16384.000 MB.,  65.016 MB.,0 bytes., 172.547 MB.,883,0.001,0.002,0.002,27,27,5860,5854,314,1562,1937,3499,2818,2813,5,0.421,0.215,0,0.0,0.102,0.012,0.418,0.214,0,0.102,0.012,0.021,0,0,0,0,0,0,True
5,abstol,1e-09,0.001,1e-06,1,1e-14,0.0,0.0,0.0,6.713,0.433,16384.000 MB.,  75.484 MB.,0 bytes., 174.594 MB.,883,0.001,0.002,0.002,27,27,5860,5854,314,1562,1937,3499,2818,2813,5,0.423,0.183,0,0.001,0.11,0.026,0.42,0.183,0,0.11,0.026,0.018,0,0,0,0,0,0,True
5,abstol,1e-06,0.001,1e-06,1,1e-14,0.0,0.0,0.0,7.142,0.423,16384.000 MB.,  72.500 MB.,0 bytes., 176.781 MB.,883,0.0,0.002,0.001,27,27,5860,5854,314,1562,1937,3499,2818,2813,5,0.413,0.186,0,0.0,0.11,0.032,0.41,0.185,0,0.11,0.031,0.018,0,0,0,0,0,0,True
5,abstol,0.001,0.001,1e-06,1,1e-14,0.001841931506901956,0.022646510583077296,0.004236769776698655,7.592,0.444,16384.000 MB.,  77.578 MB.,0 bytes., 175.875 MB.,883,0.001,0.002,0.001,27,27,5831,5825,314,1562,1937,3499,2803,2801,2,0.435,0.188,0,0.002,0.133,0.023,0.432,0.188,0,0.133,0.023,0.014,0,0,0,0,0,0,True
5,abstol,0.01,0.001,1e-06,1,1e-14,0.003960038473092092,0.04793212849843036,0.008862819268087853,8.03,0.431,16384.000 MB.,  79.797 MB.,0 bytes., 178.188 MB.,883,0.001,0.002,0.002,27,27,5823,5817,314,1562,1937,3499,2799,2799,0,0.422,0.183,0,0.0,0.121,0.02,0.419,0.182,0,0.121,0.02,0.021,0,0,0,0,0,0,True
5,reltol,1e-12,0.01,1e-06,1,1e-14,0.007458601337978432,0.08519745710787796,0.016123811605782037,8.463,0.427,16384.000 MB.,  64.047 MB.,0 bytes., 182.391 MB.,883,0.0,0.002,0.001,27,27,5803,5797,314,1562,1937,3499,2799,2799,0,0.417,0.207,0,0.0,0.1,0.022,0.413,0.206,0,0.1,0.022,0.015,0,0,0,0,0,0,True
5,reltol,1e-12,0.01,1e-06,1,1e-14,0.007458601337978432,0.08519745710787796,0.016123811605782037,8.9,0.431,16384.000 MB.,  68.250 MB.,0 bytes., 183.219 MB.,883,0.001,0.002,0.001,27,27,5803,5797,314,1562,1937,3499,2799,2799,0,0.42,0.168,0,0.0,0.134,0.026,0.416,0.167,0,0.134,0.026,0.017,0,0,0,0,0,0,True
5,reltol,1e-12,0.1,1e-06,1,1e-14,0.03121761018552105,0.33484139386660894,0.06565209257230752,9.342,0.436,16384.000 MB.,  43.391 MB.,0 bytes., 188.516 MB.,883,0.0,0.002,0.001,27,27,5799,5793,314,1562,1937,3499,2799,2799,0,0.425,0.195,0,0.0,0.105,0.023,0.421,0.195,0,0.104,0.023,0.02,0,0,0,0,0,0,True
5,vntol,1e-12,0.001,0.001,1,1e-14,0.012375829323229587,0.1330878853650999,0.026583524266019325,9.776,0.428,16384.000 MB.,  38.188 MB.,0 bytes., 189.547 MB.,883,0.0,0.002,0.001,27,27,5827,5821,314,1562,1937,3499,2812,2808,4,0.419,0.175,0,0.0,0.111,0.015,0.416,0.173,0,0.111,0.015,0.028,0,0,0,0,0,0,True
5,vntol,1e-12,0.001,0.01,1,1e-14,0.046495868532793666,0.49563079940906946,0.09789193856455637,10.207,0.425,16384.000 MB.,  42.047 MB.,0 bytes., 191.766 MB.,883,0.001,0.002,0.002,27,27,5846,5840,314,1562,1937,3499,2823,2813,10,0.414,0.174,0,0.0,0.134,0.016,0.411,0.173,0,0.134,0.016,0.015,0,0,0,0,0,0,True
5,trtol,1e-12,0.001,1e-06,7,1e-14,0.003956804770847561,0.04801685450751497,0.008817443927070944,10.639,0.426,16384.000 MB., 102.828 MB.,0 bytes., 191.828 MB.,883,0.001,0.002,0.001,27,27,5830,5824,314,1562,1937,3499,2803,2800,3,0.417,0.194,0,0.0,0.113,0.025,0.414,0.193,0,0.113,0.025,0.017,0,0,0,0,0,0,True
5,trtol,1e-12,0.001,1e-06,10,1e-14,0.0039584714435764445,0.04792295466163281,0.008860591957577577,11.07,0.424,16384.000 MB.,  96.703 MB.,0 bytes., 193.094 MB.,883,0.0,0.003,0.002,27,27,5829,5823,314,1562,1937,3499,2802,2800,2,0.414,0.174,0,0.0,0.116,0.021,0.411,0.173,0,0.116,0.021,0.022,0,0,0,0,0,0,True
5,trtol,1e-12,0.001,1e-06,50,1e-14,0.003960038473092092,0.04793212849843036,0.008862819268087853,11.517,0.422,16384.000 MB.,  88.500 MB.,0 bytes., 194.078 MB.,883,0.0,0.003,0.002,27,27,5823,5817,314,1562,1937,3499,2799,2799,0,0.413,0.18,0,0.0,0.115,0.019,0.41,0.179,0,0.115,0.019,0.016,0,0,0,0,0,0,True
5,trtol,1e-12,0.001,1e-06,100,1e-14,0.003960038473092092,0.04793212849843036,0.008862819268087853,11.951,0.427,16384.000 MB.,  85.766 MB.,0 bytes., 194.984 MB.,883,0.001,0.002,0.001,27,27,5823,5817,314,1562,1937,3499,2799,2799,0,0.417,0.164,0,0.002,0.139,0.023,0.414,0.164,0,0.139,0.023,0.023,0,0,0,0,0,0,True
5,chgtol,1e-12,0.001,1e-06,1,1e-12,0.0,0.0,0.0,12.386,0.429,16384.000 MB., 120.609 MB.,0 bytes., 195.766 MB.,883,0.001,0.002,0.001,27,27,5860,5854,314,1562,1937,3499,2818,2813,5,0.42,0.179,0,0.001,0.116,0.03,0.417,0.179,0,0.116,0.03,0.012,0,0,0,0,0,0,True
5,chgtol,1e-12,0.001,1e-06,1,1e-09,0.0,0.0,0.0,12.859,0.467,16384.000 MB., 120.609 MB.,0 bytes., 196.641 MB.,883,0.001,0.002,0.002,27,27,5860,5854,314,1562,1937,3499,2818,2813,5,0.456,0.211,0,0.002,0.115,0.021,0.453,0.211,0,0.115,0.021,0.023,0,0,0,0,0,0,True
5,chgtol,1e-12,0.001,1e-06,1,1e-06,2.4037535692467138e-05,0.0002079042090176776,4.903834411222528e-05,13.291,0.426,16384.000 MB., 109.094 MB.,0 bytes., 197.250 MB.,883,0.0,0.003,0.002,27,27,5839,5833,314,1562,1937,3499,2807,2804,3,0.415,0.181,0,0.0,0.115,0.026,0.412,0.18,0,0.115,0.026,0.016,0,0,0,0,0,0,True
5,chgtol,1e-12,0.001,1e-06,1,0.001,0.003960038473092092,0.04793212849843036,0.008862819268087853,13.721,0.424,16384.000 MB., 109.094 MB.,0 bytes., 197.953 MB.,883,0.001,0.002,0.002,27,27,5823,5817,314,1562,1937,3499,2799,2799,0,0.415,0.194,0,0.0,0.111,0.024,0.412,0.193,0,0.111,0.024,0.019,0,0,0,0,0,0,True
5,all,1e-09,0.01,0.001,7,1e-12,0.009124949627435236,0.10291104282653439,0.019614969597928685,14.151,0.423,16384.000 MB., 109.094 MB.,0 bytes., 199.344 MB.,883,0.001,0.002,0.001,27,27,5801,5795,314,1562,1937,3499,2799,2799,0,0.413,0.171,0,0.0,0.124,0.023,0.409,0.17,0,0.124,0.023,0.015,0,0,0,0,0,0,True
5,all,1e-06,0.01,0.01,10,1e-09,0.04226399249079424,0.45185881061313937,0.08872205472516786,14.622,0.465,16384.000 MB.,  68.234 MB.,0 bytes., 203.078 MB.,883,0.001,0.002,0.002,27,27,5798,5792,314,1562,1937,3499,2799,2799,0,0.454,0.165,0,0.001,0.118,0.029,0.451,0.164,0,0.118,0.029,0.022,0,0,0,0,0,0,True
5,all,0.001,0.1,0.01,50,1e-06,0.059566436349224205,0.6411110628933935,0.1254703216790765,15.047,0.419,16384.000 MB.,  67.172 MB.,0 bytes., 204.016 MB.,883,0.001,0.002,0.001,27,27,5771,5766,314,1562,1937,3499,2799,2799,0,0.41,0.187,0,0.001,0.114,0.022,0.407,0.187,0,0.114,0.022,0.018,0,0,0,0,0,0,True
5,all,0.01,0.1,0.01,100,0.001,0.06519364182101298,0.7041064660772586,0.13754952358855665,15.479,0.426,16384.000 MB.,  63.781 MB.,0 bytes., 205.062 MB.,883,0.0,0.002,0.001,27,27,5765,5760,314,1562,1937,3499,2799,2799,0,0.416,0.2,0,0.0,0.108,0.016,0.413,0.199,0,0.108,0.016,0.022,0,0,0,0,0,0,True
10,baseline,1e-12,0.001,1e-06,1,1e-14,0.0,0.0,0.0,18.116,2.624,16384.000 MB.,  66.469 MB.,0 bytes., 234.328 MB.,3433,0.001,0.008,0.005,27,27,5821,5815,1214,6212,16925,23137,2799,2799,0,2.582,0.746,0,0.001,1.371,0.103,2.561,0.734,0,1.371,0.103,0.072,0,0,0,0,0,0,True
10,abstol,1e-09,0.001,1e-06,1,1e-14,0.0,0.0,0.0,20.848,2.711,16384.000 MB.,  40.031 MB.,0 bytes., 229.812 MB.,3433,0.001,0.008,0.005,27,27,5821,5815,1214,6212,16925,23137,2799,2799,0,2.67,0.781,0,0.003,1.401,0.112,2.65,0.773,0,1.4,0.112,0.093,0,0,0,0,0,0,True
10,abstol,1e-06,0.001,1e-06,1,1e-14,0.0,0.0,0.0,23.567,2.692,16384.000 MB.,  51.391 MB.,0 bytes., 260.469 MB.,3433,0.001,0.008,0.005,27,27,5821,5815,1214,6212,16925,23137,2799,2799,0,2.654,0.735,0,0.002,1.408,0.128,2.634,0.725,0,1.408,0.128,0.078,0,0,0,0,0,0,True
10,abstol,0.001,0.001,1e-06,1,1e-14,0.0,0.0,0.0,26.265,2.654,16384.000 MB.,  41.156 MB.,0 bytes., 266.672 MB.,3433,0.001,0.008,0.006,27,27,5821,5815,1214,6212,16925,23137,2799,2799,0,2.619,0.757,0,0.003,1.365,0.121,2.598,0.745,0,1.365,0.121,0.077,0,0,0,0,0,0,True
10,abstol,0.01,0.001,1e-06,1,1e-14,0.0,0.0,0.0,28.929,2.641,16384.000 MB.,  53.859 MB.,0 bytes., 270.875 MB.,3433,0.001,0.008,0.005,27,27,5821,5815,1214,6212,16925,23137,2799,2799,0,2.605,0.744,0,0.002,1.381,0.117,2.584,0.737,0,1.38,0.117,0.08,0,0,0,0,0,0,True
10,reltol,1e-12,0.01,1e-06,1,1e-14,0.0058868026371364235,0.03992235595888168,0.010730392639735792,31.745,2.795,16384.000 MB.,  98.922 MB.,0 bytes., 148.875 MB.,3433,0.002,0.007,0.005,27,27,5792,5786,1214,6212,16925,23137,2799,2799,0,2.736,0.781,0,0.002,1.402,0.123,2.716,0.772,0,1.402,0.122,0.08,0,0,0,0,0,0,True
10,reltol,1e-12,0.01,1e-06,1,1e-14,0.0058868026371364235,0.03992235595888168,0.010730392639735792,34.421,2.648,16384.000 MB.,  61.688 MB.,0 bytes., 197.719 MB.,3433,0.002,0.008,0.005,27,27,5792,5786,1214,6212,16925,23137,2799,2799,0,2.602,0.749,0,0.003,1.381,0.096,2.581,0.742,0,1.38,0.096,0.072,0,0,0,0,0,0,True
10,reltol,1e-12,0.1,1e-06,1,1e-14,0.006435162666544897,0.05019709647888928,0.011914751679449121,37.04,2.597,16384.000 MB., 103.984 MB.,0 bytes., 205.312 MB.,3433,0.002,0.008,0.006,27,27,5773,5768,1214,6212,16925,23137,2799,2799,0,2.558,0.765,0,0.004,1.3,0.118,2.539,0.756,0,1.3,0.118,0.07,0,0,0,0,0,0,True
10,vntol,1e-12,0.001,0.001,1,1e-14,0.006435166452897406,0.05019750103300324,0.011914764162473291,39.751,2.688,16384.000 MB., 162.203 MB.,0 bytes., 241.250 MB.,3433,0.001,0.008,0.006,27,27,5785,5780,1214,6212,16925,23137,2799,2799,0,2.62,0.765,0,0.002,1.346,0.115,2.6,0.755,0,1.346,0.115,0.081,0,0,0,0,0,0,True
10,vntol,1e-12,0.001,0.01,1,1e-14,0.006435166452897406,0.05019750103300324,0.011914764162473291,42.454,2.681,16384.000 MB., 144.969 MB.,0 bytes., 243.281 MB.,3433,0.001,0.009,0.006,27,27,5785,5780,1214,6212,16925,23137,2799,2799,0,2.639,0.756,0,0.001,1.374,0.115,2.621,0.748,0,1.373,0.115,0.081,0,0,0,0,0,0,True
10,trtol,1e-12,0.001,1e-06,7,1e-14,0.0,0.0,0.0,45.126,2.643,16384.000 MB.,  76.016 MB.,0 bytes., 265.391 MB.,3433,0.001,0.008,0.006,27,27,5821,5815,1214,6212,16925,23137,2799,2799,0,2.606,0.759,0,0.004,1.371,0.107,2.584,0.748,0,1.371,0.107,0.076,0,0,0,0,0,0,True
10,trtol,1e-12,0.001,1e-06,10,1e-14,0.0,0.0,0.0,47.814,2.666,16384.000 MB.,  70.875 MB.,0 bytes., 246.188 MB.,3433,0.001,0.008,0.006,27,27,5821,5815,1214,6212,16925,23137,2799,2799,0,2.623,0.761,0,0.002,1.397,0.112,2.603,0.751,0,1.397,0.112,0.077,0,0,0,0,0,0,True
10,trtol,1e-12,0.001,1e-06,50,1e-14,0.0,0.0,0.0,50.484,2.649,16384.000 MB., 263.688 MB.,0 bytes., 230.719 MB.,3433,0.002,0.008,0.006,27,27,5821,5815,1214,6212,16925,23137,2799,2799,0,2.611,0.767,0,0.004,1.362,0.114,2.59,0.759,0,1.36,0.114,0.069,0,0,0,0,0,0,True
10,trtol,1e-12,0.001,1e-06,100,1e-14,0.0,0.0,0.0,53.18,2.674,16384.000 MB., 210.844 MB.,0 bytes., 261.891 MB.,3433,0.001,0.008,0.006,27,27,5821,5815,1214,6212,16925,23137,2799,2799,0,2.635,0.768,0,0.002,1.378,0.118,2.614,0.756,0,1.378,0.118,0.072,0,0,0,0,0,0,True
10,chgtol,1e-12,0.001,1e-06,1,1e-12,0.0,0.0,0.0,55.899,2.663,16384.000 MB., 151.156 MB.,0 bytes., 281.438 MB.,3433,0.001,0.008,0.005,27,27,5821,5815,1214,6212,16925,23137,2799,2799,0,2.625,0.759,0,0.004,1.382,0.109,2.603,0.75,0,1.381,0.109,0.07,0,0,0,0,0,0,True
10,chgtol,1e-12,0.001,1e-06,1,1e-09,0.0,0.0,0.0,58.548,2.628,16384.000 MB., 124.906 MB.,0 bytes., 276.750 MB.,3433,0.001,0.009,0.005,27,27,5821,5815,1214,6212,16925,23137,2799,2799,0,2.591,0.744,0,0.002,1.371,0.113,2.57,0.732,0,1.371,0.113,0.069,0,0,0,0,0,0,True
10,chgtol,1e-12,0.001,1e-06,1,1e-06,0.0,0.0,0.0,61.203,2.634,16384.000 MB.,  72.219 MB.,0 bytes., 282.391 MB.,3433,0.001,0.009,0.005,27,27,5821,5815,1214,6212,16925,23137,2799,2799,0,2.596,0.753,0,0.002,1.367,0.12,2.575,0.742,0,1.367,0.119,0.085,0,0,0,0,0,0,True
10,chgtol,1e-12,0.001,1e-06,1,0.001,0.0,0.0,0.0,63.86,2.635,16384.000 MB.,  66.500 MB.,0 bytes., 288.156 MB.,3433,0.001,0.008,0.005,27,27,5821,5815,1214,6212,16925,23137,2799,2799,0,2.6,0.754,0,0.003,1.353,0.122,2.579,0.743,0,1.353,0.122,0.09,0,0,0,0,0,0,True
10,all,1e-09,0.01,0.001,7,1e-12,0.006618602388091838,0.05375931126244403,0.012334374849202051,66.486,2.605,16384.000 MB.,  46.891 MB.,0 bytes., 293.688 MB.,3433,0.002,0.008,0.006,27,27,5752,5747,1214,6212,16925,23137,2799,2799,0,2.568,0.73,0,0.002,1.358,0.118,2.549,0.72,0,1.358,0.118,0.063,0,0,0,0,0,0,True
10,all,1e-06,0.01,0.01,10,1e-09,0.006618602388091838,0.05375931126244403,0.012334374849202051,69.124,2.615,16384.000 MB.,  35.344 MB.,0 bytes., 299.750 MB.,3433,0.002,0.007,0.005,27,27,5752,5747,1214,6212,16925,23137,2799,2799,0,2.58,0.715,0,0.004,1.359,0.126,2.56,0.708,0,1.358,0.126,0.07,0,0,0,0,0,0,True
10,all,0.001,0.1,0.01,50,1e-06,0.008133975948163952,0.05490449249625821,0.014820773875878409,71.8,2.627,16384.000 MB.,  83.906 MB.,0 bytes., 283.766 MB.,3433,0.001,0.008,0.005,27,27,5727,5722,1214,6212,16925,23137,2799,2799,0,2.586,0.741,0,0.003,1.361,0.105,2.567,0.731,0,1.361,0.105,0.074,0,0,0,0,0,0,True
10,all,0.01,0.1,0.01,100,0.001,0.008133975948163952,0.05490449249625821,0.014820773875878409,74.484,2.662,16384.000 MB., 152.891 MB.,0 bytes., 261.766 MB.,3433,0.001,0.008,0.005,27,27,5727,5722,1214,6212,16925,23137,2799,2799,0,2.623,0.751,0,0.004,1.374,0.117,2.603,0.741,0,1.374,0.117,0.083,0,0,0,0,0,0,True
20,baseline,1e-12,0.001,1e-06,1,1e-14,0.0,0.0,0.0,95.637,21.101,16384.000 MB., 120.766 MB.,0 bytes., 373.406 MB.,13633,0.005,0.03,0.021,27,27,6109,6103,4814,24812,101849,126661,2815,2809,6,20.856,3.606,0,0.015,14.603,0.628,20.647,3.45,0,14.592,0.628,0.314,0,0,0,0,0,0,True
20,abstol,1e-09,0.001,1e-06,1,1e-14,0.00040510595047515974,0.011791375541290106,0.001107594117508229,115.733,20.01,16384.000 MB.,  92.688 MB.,0 bytes., 456.641 MB.,13633,0.005,0.031,0.021,27,27,5854,5848,4814,24812,101849,126661,2816,2809,7,19.842,3.492,0,0.015,13.79,0.577,19.635,3.337,0,13.782,0.577,0.296,0,0,0,0,0,0,True
20,abstol,1e-06,0.001,1e-06,1,1e-14,0.00040510595047515974,0.011791375541290106,0.001107594117508229,136.357,20.51,16384.000 MB.,  81.344 MB.,0 bytes., 374.609 MB.,13633,0.004,0.03,0.021,27,27,5854,5848,4814,24812,101849,126661,2816,2809,7,20.336,3.604,0,0.015,14.116,0.568,20.131,3.45,0,14.107,0.568,0.323,0,0,0,0,0,0,True
20,abstol,0.001,0.001,1e-06,1,1e-14,0.0006590208349423199,0.031187550923283264,0.002536857155567569,156.675,20.152,16384.000 MB., 169.844 MB.,0 bytes., 366.656 MB.,13633,0.005,0.03,0.021,27,27,5820,5814,4814,24812,101849,126661,2799,2799,0,19.968,3.472,0,0.015,13.903,0.601,19.761,3.32,0,13.894,0.6,0.302,0,0,0,0,0,0,True
20,abstol,0.01,0.001,1e-06,1,1e-14,0.0006590208349423199,0.031187550923283264,0.002536857155567569,176.689,19.907,16384.000 MB., 216.594 MB.,0 bytes., 532.594 MB.,13633,0.004,0.031,0.022,27,27,5820,5814,4814,24812,101849,126661,2799,2799,0,19.699,3.386,0,0.014,13.788,0.585,19.492,3.232,0,13.78,0.584,0.308,0,0,0,0,0,0,True
20,reltol,1e-12,0.01,1e-06,1,1e-14,0.000616029867771456,0.027614897704317246,0.0022374402195419517,197.67,20.895,16384.000 MB., 226.203 MB.,0 bytes., 469.750 MB.,13633,0.004,0.03,0.021,27,27,6192,6186,4814,24812,101849,126661,2803,2802,1,20.732,3.646,0,0.016,14.57,0.613,20.528,3.494,0,14.562,0.611,0.304,0,0,0,0,0,0,True
20,reltol,1e-12,0.01,1e-06,1,1e-14,0.000616029867771456,0.027614897704317246,0.0022374402195419517,219.026,21.204,16384.000 MB.,  63.844 MB.,0 bytes., 367.422 MB.,13633,0.004,0.032,0.022,27,27,6192,6186,4814,24812,101849,126661,2803,2802,1,21.022,3.702,0,0.016,14.652,0.59,20.81,3.544,0,14.643,0.59,0.295,0,0,0,0,0,0,True
20,reltol,1e-12,0.1,1e-06,1,1e-14,0.0005706274840888981,0.029451135048494205,0.002085743091959804,239.754,20.556,16384.000 MB., 257.719 MB.,0 bytes., 576.016 MB.,13633,0.005,0.032,0.022,27,27,5976,5971,4814,24812,101849,126661,2799,2799,0,20.402,3.561,0,0.017,14.248,0.591,20.211,3.424,0,14.241,0.591,0.296,0,0,0,0,0,0,True
20,vntol,1e-12,0.001,0.001,1,1e-14,0.001254713761952131,0.03764465727005433,0.0034362010619306675,262.453,22.615,16384.000 MB., 263.406 MB.,0 bytes., 430.188 MB.,13633,0.005,0.03,0.021,27,27,6318,6313,4814,24812,101849,126661,2826,2818,8,22.327,3.927,0,0.015,15.357,0.674,22.148,3.797,0,15.35,0.674,0.351,0,0,0,0,0,0,True
20,vntol,1e-12,0.001,0.01,1,1e-14,0.001254713761952131,0.03764465727005433,0.0034362010619306675,284.013,21.46,16384.000 MB.,  51.391 MB.,0 bytes., 521.062 MB.,13633,0.004,0.031,0.021,27,27,6318,6313,4814,24812,101849,126661,2826,2818,8,21.293,3.711,0,0.016,14.98,0.59,21.112,3.582,0,14.971,0.59,0.291,0,0,0,0,0,0,True
20,trtol,1e-12,0.001,1e-06,7,1e-14,0.0005854001560089556,0.02510381948639123,0.002078111625603603,304.61,20.464,16384.000 MB.,  61.562 MB.,0 bytes., 569.609 MB.,13633,0.005,0.03,0.02,27,27,6074,6068,4814,24812,101849,126661,2801,2800,1,20.314,3.511,0,0.016,14.318,0.589,20.111,3.36,0,14.309,0.589,0.296,0,0,0,0,0,0,True
20,trtol,1e-12,0.001,1e-06,10,1e-14,0.0006380292689359135,0.026610832703821346,0.002197296436530535,325.248,20.524,16384.000 MB.,  70.594 MB.,0 bytes., 553.297 MB.,13633,0.004,0.03,0.021,27,27,6070,6064,4814,24812,101849,126661,2799,2799,0,20.362,3.499,0,0.017,14.299,0.598,20.158,3.348,0,14.289,0.598,0.304,0,0,0,0,0,0,True
20,trtol,1e-12,0.001,1e-06,50,1e-14,0.0006380292689359135,0.026610832703821346,0.002197296436530535,346.195,20.86,16384.000 MB.,  22.047 MB.,0 bytes., 498.266 MB.,13633,0.004,0.031,0.021,27,27,6070,6064,4814,24812,101849,126661,2799,2799,0,20.638,3.592,0,0.017,14.401,0.62,20.428,3.438,0,14.392,0.619,0.29,0,0,0,0,0,0,True
20,trtol,1e-12,0.001,1e-06,100,1e-14,0.0006380292689359135,0.026610832703821346,0.002197296436530535,367.358,21.062,16384.000 MB.,  54.422 MB.,0 bytes., 365.609 MB.,13633,0.005,0.03,0.021,27,27,6070,6064,4814,24812,101849,126661,2799,2799,0,20.885,3.595,0,0.016,14.579,0.607,20.683,3.447,0,14.569,0.607,0.312,0,0,0,0,0,0,True
20,chgtol,1e-12,0.001,1e-06,1,1e-12,0.0,0.0,0.0,388.21,20.704,16384.000 MB.,  69.094 MB.,0 bytes., 557.156 MB.,13633,0.005,0.03,0.021,27,27,6109,6103,4814,24812,101849,126661,2815,2809,6,20.555,3.559,0,0.015,14.45,0.59,20.349,3.405,0,14.441,0.59,0.342,0,0,0,0,0,0,True
20,chgtol,1e-12,0.001,1e-06,1,1e-09,0.0,0.0,0.0,409.048,20.722,16384.000 MB.,  72.000 MB.,0 bytes., 566.844 MB.,13633,0.004,0.031,0.021,27,27,6109,6103,4814,24812,101849,126661,2815,2809,6,20.567,3.558,0,0.016,14.393,0.647,20.361,3.403,0,14.383,0.647,0.312,0,0,0,0,0,0,True
20,chgtol,1e-12,0.001,1e-06,1,1e-06,0.0006380292689359135,0.026610832703821346,0.002197296436530535,429.812,20.676,16384.000 MB.,  74.344 MB.,0 bytes., 581.266 MB.,13633,0.004,0.031,0.021,27,27,6070,6064,4814,24812,101849,126661,2799,2799,0,20.48,3.6,0,0.014,14.312,0.573,20.27,3.444,0,14.301,0.572,0.292,0,0,0,0,0,0,True
20,chgtol,1e-12,0.001,1e-06,1,0.001,0.0006380292689359135,0.026610832703821346,0.002197296436530535,450.577,20.683,16384.000 MB.,  48.625 MB.,0 bytes., 602.359 MB.,13633,0.005,0.03,0.021,27,27,6070,6064,4814,24812,101849,126661,2799,2799,0,20.529,3.578,0,0.015,14.293,0.652,20.321,3.423,0,14.283,0.652,0.288,0,0,0,0,0,0,True
20,all,1e-09,0.01,0.001,7,1e-12,0.0005723033315106901,0.029430188837339392,0.00208740607706602,470.57,19.874,16384.000 MB.,  24.219 MB.,0 bytes., 581.203 MB.,13633,0.005,0.031,0.022,27,27,5753,5748,4814,24812,101849,126661,2799,2799,0,19.731,3.511,0,0.019,13.593,0.553,19.548,3.384,0,13.585,0.553,0.319,0,0,0,0,0,0,True
20,all,1e-06,0.01,0.01,10,1e-09,0.0005723033315106901,0.029430188837339392,0.00208740607706602,491.41,20.715,16384.000 MB., 156.500 MB.,0 bytes., 362.594 MB.,13633,0.005,0.03,0.021,27,27,5753,5748,4814,24812,101849,126661,2799,2799,0,20.51,3.617,0,0.015,14.04,0.592,20.332,3.489,0,14.034,0.59,0.321,0,0,0,0,0,0,True
20,all,0.001,0.1,0.01,50,1e-06,0.0009895344949858442,0.04826309307177863,0.0038623004484941354,511.596,20.076,16384.000 MB.,  68.391 MB.,0 bytes., 366.922 MB.,13633,0.005,0.033,0.023,27,27,5733,5728,4814,24812,101849,126661,2799,2799,0,19.88,3.368,0,0.016,13.886,0.601,19.696,3.237,0,13.88,0.599,0.335,0,0,0,0,0,0,True
20,all,0.01,0.1,0.01,100,0.001,0.0009895344949858442,0.04826309307177863,0.0038623004484941354,531.495,19.753,16384.000 MB.,  41.266 MB.,0 bytes., 551.719 MB.,13633,0.005,0.03,0.021,27,27,5733,5728,4814,24812,101849,126661,2799,2799,0,19.591,3.411,0,0.017,13.554,0.585,19.407,3.283,0,13.547,0.584,0.29,0,0,0,0,0,0,True
30,baseline,1e-12,0.001,1e-06,1,1e-14,0.0,0.0,0.0,604.885,73.214,16384.000 MB., 102.281 MB.,0 bytes., 816.984 MB.,30633,0.01,0.07,0.049,27,27,5948,5942,10814,55812,278397,334209,2803,2802,1,72.757,10.802,0,0.054,52.884,1.544,71.847,10.046,0,52.85,1.54,0.817,0,0,0,0,0,0,True
30,abstol,1e-09,0.001,1e-06,1,1e-14,6.823951126389005e-13,6.12207154508513e-10,9.836698730579584e-12,676.001,70.885,16384.000 MB.,  46.500 MB.,0 bytes., 834.578 MB.,30633,0.01,0.069,0.048,27,27,5814,5808,10814,55812,278397,334209,2799,2799,0,70.379,10.369,0,0.056,51.42,1.419,69.464,9.603,0,51.385,1.416,0.766,0,0,0,0,0,0,True
30,abstol,1e-06,0.001,1e-06,1,1e-14,6.823951126389005e-13,6.12207154508513e-10,9.836698730579584e-12,746.962,70.684,16384.000 MB.,  38.891 MB.,0 bytes., 788.328 MB.,30633,0.011,0.072,0.05,27,27,5814,5808,10814,55812,278397,334209,2799,2799,0,70.244,10.57,0,0.051,51.15,1.448,69.316,9.793,0,51.114,1.447,0.765,0,0,0,0,0,0,True
30,abstol,0.001,0.001,1e-06,1,1e-14,6.823951126389005e-13,6.12207154508513e-10,9.836698730579584e-12,817.916,70.638,16384.000 MB.,  44.141 MB.,0 bytes., 790.625 MB.,30633,0.01,0.073,0.052,27,27,5814,5808,10814,55812,278397,334209,2799,2799,0,70.191,10.456,0,0.052,51.281,1.481,69.273,9.692,0,51.244,1.479,0.7,0,0,0,0,0,0,True
30,abstol,0.01,0.001,1e-06,1,1e-14,6.823951126389005e-13,6.12207154508513e-10,9.836698730579584e-12,888.036,69.749,16384.000 MB.,  74.156 MB.,0 bytes., 778.469 MB.,30633,0.01,0.072,0.051,27,27,5814,5808,10814,55812,278397,334209,2799,2799,0,69.347,10.14,0,0.053,51.233,1.443,68.423,9.373,0,51.197,1.441,0.756,0,0,0,0,0,0,True
30,reltol,1e-12,0.01,1e-06,1,1e-14,0.000451108622256724,0.011773173619649234,0.001142954079101884,962.021,73.666,16384.000 MB.,  57.906 MB.,0 bytes., 769.547 MB.,30633,0.01,0.071,0.049,27,27,5810,5805,10814,55812,278397,334209,2799,2799,0,73.232,10.734,0,0.051,53.338,1.541,72.463,10.109,0,53.308,1.539,0.869,0,0,0,0,0,0,True
30,reltol,1e-12,0.01,1e-06,1,1e-14,0.000451108622256724,0.011773173619649234,0.001142954079101884,1033.227,70.788,16384.000 MB., 113.266 MB.,0 bytes., 796.203 MB.,30633,0.011,0.072,0.051,27,27,5810,5805,10814,55812,278397,334209,2799,2799,0,70.4,10.492,0,0.055,51.165,1.405,69.621,9.851,0,51.137,1.404,0.752,0,0,0,0,0,0,True
30,reltol,1e-12,0.1,1e-06,1,1e-14,9.760334295216833e-05,0.0027571291188760736,0.0002624592625243531,1104.026,70.47,16384.000 MB.,  56.047 MB.,0 bytes., 767.078 MB.,30633,0.01,0.074,0.051,27,27,5906,5901,10814,55812,278397,334209,2803,2802,1,70.028,10.0,0,0.052,51.646,1.484,69.242,9.353,0,51.619,1.484,0.78,0,0,0,0,0,0,True
30,vntol,1e-12,0.001,0.001,1,1e-14,0.00043974517013978254,0.01173181863842573,0.0011290052173021628,1173.726,69.339,16384.000 MB.,  85.688 MB.,0 bytes., 790.391 MB.,30633,0.009,0.073,0.051,27,27,5800,5795,10814,55812,278397,334209,2799,2799,0,68.927,9.83,0,0.051,50.967,1.57,68.136,9.179,0,50.94,1.568,0.843,0,0,0,0,0,0,True
30,vntol,1e-12,0.001,0.01,1,1e-14,0.00043974517013978254,0.01173181863842573,0.0011290052173021628,1247.517,73.448,16384.000 MB.,  60.391 MB.,0 bytes., 835.703 MB.,30633,0.01,0.089,0.067,27,27,5800,5795,10814,55812,278397,334209,2799,2799,0,72.872,12.052,0,0.052,51.08,1.46,72.069,11.39,0,51.053,1.459,0.818,0,0,0,0,0,0,True
30,trtol,1e-12,0.001,1e-06,7,1e-14,0.0,0.0,0.0,1319.987,72.236,16384.000 MB.,  64.453 MB.,0 bytes., 879.750 MB.,30633,0.01,0.071,0.05,27,27,5948,5942,10814,55812,278397,334209,2803,2802,1,71.685,10.651,0,0.052,52.404,1.48,70.775,9.888,0,52.369,1.479,0.811,0,0,0,0,0,0,True
30,trtol,1e-12,0.001,1e-06,10,1e-14,0.0,0.0,0.0,1392.618,72.329,16384.000 MB.,  52.734 MB.,0 bytes., 796.469 MB.,30633,0.01,0.08,0.054,27,27,5948,5942,10814,55812,278397,334209,2803,2802,1,71.884,10.974,0,0.056,52.384,1.534,70.966,10.208,0,52.349,1.533,0.822,0,0,0,0,0,0,True
30,trtol,1e-12,0.001,1e-06,50,1e-14,0.0,0.0,0.0,1465.497,72.559,16384.000 MB.,  43.344 MB.,0 bytes., 811.094 MB.,30633,0.01,0.07,0.049,27,27,5948,5942,10814,55812,278397,334209,2803,2802,1,72.03,10.611,0,0.052,52.653,1.572,71.107,9.836,0,52.617,1.571,0.784,0,0,0,0,0,0,True
30,trtol,1e-12,0.001,1e-06,100,1e-14,0.0,0.0,0.0,1538.796,73.05,16384.000 MB.,  41.156 MB.,0 bytes., 867.297 MB.,30633,0.01,0.072,0.052,27,27,5948,5942,10814,55812,278397,334209,2803,2802,1,72.517,11.047,0,0.053,52.596,1.492,71.578,10.264,0,52.558,1.491,0.746,0,0,0,0,0,0,True
30,chgtol,1e-12,0.001,1e-06,1,1e-12,0.0,0.0,0.0,1611.049,71.929,16384.000 MB.,  92.406 MB.,0 bytes., 764.000 MB.,30633,0.009,0.07,0.049,27,27,5948,5942,10814,55812,278397,334209,2803,2802,1,71.474,10.562,0,0.052,52.403,1.448,70.561,9.795,0,52.367,1.447,0.765,0,0,0,0,0,0,True
30,chgtol,1e-12,0.001,1e-06,1,1e-09,0.0,0.0,0.0,1683.946,72.571,16384.000 MB.,  40.828 MB.,0 bytes., 851.359 MB.,30633,0.01,0.07,0.048,27,27,5948,5942,10814,55812,278397,334209,2803,2802,1,72.042,10.605,0,0.051,52.464,1.465,71.133,9.848,0,52.429,1.463,0.763,0,0,0,0,0,0,True
30,chgtol,1e-12,0.001,1e-06,1,1e-06,0.0,0.0,0.0,1757.243,73.072,16384.000 MB.,  75.875 MB.,0 bytes., 873.156 MB.,30633,0.01,0.073,0.053,27,27,5948,5942,10814,55812,278397,334209,2803,2802,1,72.505,10.831,0,0.055,53.072,1.41,71.59,10.065,0,53.037,1.408,0.784,0,0,0,0,0,0,True
30,chgtol,1e-12,0.001,1e-06,1,0.001,0.0,0.0,0.0,1835.074,77.499,16384.000 MB.,  71.562 MB.,0 bytes., 747.719 MB.,30633,0.015,0.084,0.058,27,27,5948,5942,10814,55812,278397,334209,2803,2802,1,76.927,12.644,0,0.343,54.388,1.64,74.761,10.983,0,54.352,1.596,0.817,0,0,0,0,0,0,True
30,all,1e-09,0.01,0.001,7,1e-12,0.0006701138065859924,0.02367657329284114,0.0018439758373464206,1905.665,70.229,16384.000 MB.,  33.984 MB.,0 bytes., 867.328 MB.,30633,0.012,0.093,0.068,27,27,5753,5748,10814,55812,278397,334209,2799,2799,0,69.736,10.507,0,0.055,50.924,1.473,68.914,9.84,0,50.898,1.472,0.746,0,0,0,0,0,0,True
30,all,1e-06,0.01,0.01,10,1e-09,0.0006701138065859924,0.02367657329284114,0.0018439758373464206,1976.058,70.174,16384.000 MB.,  70.047 MB.,0 bytes., 887.406 MB.,30633,0.01,0.072,0.052,27,27,5753,5748,10814,55812,278397,334209,2799,2799,0,69.709,10.25,0,0.059,50.744,1.431,68.944,9.624,0,50.717,1.431,0.752,0,0,0,0,0,0,True
30,all,0.001,0.1,0.01,50,1e-06,0.00030311411284411616,0.014846211583153072,0.0013848108715221225,2045.381,69.041,16384.000 MB.,  17.047 MB.,0 bytes., 867.047 MB.,30633,0.01,0.07,0.049,27,27,5733,5728,10814,55812,278397,334209,2799,2799,0,68.611,9.806,0,0.052,50.425,1.435,67.84,9.174,0,50.398,1.432,0.773,0,0,0,0,0,0,True
30,all,0.01,0.1,0.01,100,0.001,0.00030311411284411616,0.014846211583153072,0.0013848108715221225,2115.634,69.954,16384.000 MB.,  40.062 MB.,0 bytes., 865.156 MB.,30633,0.01,0.079,0.058,27,27,5733,5728,10814,55812,278397,334209,2799,2799,0,69.447,10.469,0,0.054,50.417,1.416,68.671,9.828,0,50.391,1.415,0.794,0,0,0,0,0,0,True
